{
    "loss": 43.19734573364258,
    "accuracy": 0.38461539149284363
}