{
    "loss": 17.29683494567871,
    "accuracy": 0.07692307978868484
}